"k","n","Weighted","Transformed"
"w(x)=x ",NA,NA,NA
"2","50","0.018204532624825","0.0507340546780335"
"2","200","0.0153947762271068","0.0521337398141312"
"12","50","0.00221777086016233","0.00287315302399038"
"12","200","0.000875307451431805","0.00124515642142213"
"w(x)=1/x",NA,NA,NA
"3","50","0.0561589042234696","0.0129736573682029"
"3","200","0.0601456291480236","0.00476676831769349"
"16","50","0.153513756436441","0.00217834994443765"
"16","200","0.0371454801375771","0.000694472421004539"
